timestamp,actual_rssi,predicted_rssi
2025-02-11 05:36:18,-10.831288021299999,-15.723236
2025-02-03 01:26:40,-11.305723134700003,-14.362961
2025-02-17 17:24:42,-10.337058624099999,-14.464877
2025-02-19 15:59:42,-11.7504838212,-14.2628975
2025-02-02 14:17:53,-11.4132562584,-14.199134
2025-02-06 21:23:59,-31.802563865399996,-14.127784
2025-02-19 06:14:47,-14.595242156000001,-14.21571
2025-02-01 23:13:35,-15.424268899,-14.291591
2025-02-22 10:04:55,-12.1334468931,-14.709468
2025-02-02 22:06:22,-11.207482878500002,-14.92303
2025-02-25 19:19:53,-20.5060599173,-14.896595
2025-02-25 15:27:09,-16.693586133699995,-15.253719
2025-02-12 07:20:01,-11.3409042311,-15.57999
2025-02-18 05:39:10,-10.600956256900002,-15.850505
2025-02-20 06:01:20,-12.277239608300002,-15.923311
2025-02-16 08:10:06,-13.390599446699998,-15.960931
2025-02-23 08:00:46,-10.152039847399998,-14.758779
2025-02-18 12:53:04,-12.258626899199996,-14.582308
2025-02-04 04:38:22,-10.273889873799998,-14.3579035
2025-02-18 09:10:15,-15.0306883995,-14.288484
2025-02-22 15:43:56,-14.4257259851,-14.336299
2025-02-02 01:34:32,-15.549242334500002,-13.873761
2025-02-19 20:13:30,-10.406279596899996,-13.72025
2025-02-14 08:57:02,-16.4604633927,-13.826958
2025-02-05 17:02:09,-10.089547997,-14.053697
2025-02-27 12:46:54,-10.8846488023,-14.096741
2025-02-03 01:37:25,-14.605494206,-14.035458
2025-02-06 07:19:25,-15.351916267799998,-14.20812
2025-02-08 01:17:44,-10.474828446799997,-14.2947445
2025-02-04 09:57:10,-13.0856730218,-14.429373
2025-02-07 10:40:51,-11.227972623199996,-14.284014
2025-02-14 14:27:19,-10.8516805902,-14.145193
2025-02-09 18:33:17,-15.283946239499999,-13.914982
2025-02-06 17:16:43,-14.960616005,-14.060207
2025-02-20 10:39:28,-21.8851972681,-13.88909
2025-02-10 21:58:36,-17.140979849,-14.281701
2025-02-06 04:08:56,-12.1439522813,-14.654682
2025-02-19 07:21:46,-12.579859898799999,-14.727573
2025-02-04 19:59:38,-10.979764608299998,-14.7113085
2025-02-17 09:16:22,-11.246395578799998,-14.909937
2025-02-14 04:08:35,-23.9384227213,-14.886607
2025-02-22 07:02:01,-23.8277084551,-15.194364
2025-02-03 16:42:27,-16.588570199000003,-15.679827
2025-02-19 11:21:42,-15.817904261300002,-15.864296
2025-02-19 18:10:41,-16.210556837,-16.039003
2025-02-21 07:46:04,-10.7745000102,-15.775047
2025-02-13 00:21:37,-13.043930392000002,-15.684286
2025-02-27 15:44:57,-11.5478499239,-15.845435
2025-02-26 21:09:42,-10.8765497618,-15.887804
2025-02-23 12:21:02,-20.3997196205,-15.94096
2025-02-07 22:42:21,-21.358086568599997,-16.106205
2025-02-14 02:31:17,-12.737544493700002,-15.6177635
2025-02-22 14:54:55,-13.6530095329,-15.1023035
2025-02-13 19:21:18,-17.6381279409,-15.024197
2025-02-08 15:19:49,-13.066085359000004,-15.056048
2025-02-19 15:54:16,-15.270010825099998,-15.011486
2025-02-27 05:19:29,-10.143023531900003,-15.301344
2025-02-23 02:25:18,-17.1440499802,-15.332289
2025-02-26 16:31:25,-11.896880987599998,-15.513446
2025-02-20 05:48:37,-11.235129131200003,-15.654446
2025-02-25 18:58:49,-10.281766473100001,-15.149957
2025-02-09 07:49:07,-17.5440497759,-14.552951
2025-02-24 19:49:55,-10.260452482300002,-14.598842
2025-02-27 18:16:30,-11.094278876099999,-14.511436
2025-02-04 18:07:13,-15.387556963300002,-14.161858
2025-02-19 16:12:44,-10.8372911884,-14.159234
2025-02-24 11:54:15,-15.435340026399999,-13.980844
2025-02-20 23:24:41,-12.578177238000002,-14.173254
2025-02-24 11:26:05,-15.150713584400002,-13.935071
2025-02-24 04:58:53,-14.607789904799999,-14.063339
2025-02-25 09:15:46,-11.129179641800002,-14.248169
2025-02-27 16:10:34,-12.585699326200002,-14.426295
2025-02-26 18:58:31,-11.7724835801,-14.159458
2025-02-22 09:59:21,-12.610511500799998,-14.303882
2025-02-25 08:23:58,-36.2482079857,-14.385294
2025-02-01 13:32:21,-10.1274829345,-14.7040825
2025-02-10 11:02:43,-12.2834362934,-15.110392
2025-02-09 20:51:48,-12.3834445691,-15.164377
2025-02-05 14:30:34,-20.077372354700003,-15.3217945
2025-02-26 15:32:44,-18.1620189229,-15.425091
2025-02-27 07:30:56,-10.3277925503,-15.596916
2025-02-21 19:52:48,-14.720899072900002,-15.839086
2025-02-23 16:56:41,-10.298336306600001,-15.969606
2025-02-02 13:26:49,-15.784608002600002,-16.02777
2025-02-03 10:45:53,-14.6092243687,-16.05565
2025-02-27 17:23:16,-18.8917507678,-14.666418
2025-02-14 11:04:55,-10.2743419315,-15.012604
2025-02-24 11:16:24,-10.761485579399999,-15.10841
2025-02-19 13:22:48,-16.9692041559,-15.124069
2025-02-20 22:43:23,-14.9690203582,-14.752414
2025-02-17 08:05:44,-10.7285034982,-14.531365
2025-02-05 05:47:11,-13.0468631413,-14.712343
2025-02-08 22:54:41,-13.833091374499999,-14.616448
2025-02-25 02:17:38,-11.7659995746,-14.791564
2025-02-19 06:46:19,-15.2860608897,-14.592799
2025-02-27 07:17:25,-10.642238353,-14.51911
2025-02-22 23:33:03,-12.769756522400002,-14.138036
2025-02-09 15:48:38,-12.731131353699999,-14.282587
2025-02-27 11:35:17,-18.1899748309,-14.385429
2025-02-10 06:34:54,-10.405361595300004,-14.230059
2025-02-22 18:27:28,-14.176411053299999,-14.126927
2025-02-03 18:46:02,-13.533815816799999,-14.304452
2025-02-13 05:40:41,-10.149837798400002,-14.3382635
2025-02-13 22:05:25,-10.2164363575,-14.256054
2025-02-16 19:10:35,-12.561335595400001,-14.24675
2025-02-14 15:07:20,-10.5898935308,-14.036657
2025-02-10 20:03:09,-24.4828110768,-14.069788
2025-02-02 09:27:55,-11.333202028499999,-14.23746
2025-02-02 09:52:23,-10.7251169375,-14.326661
2025-02-12 04:00:22,-14.613827172,-14.041213
2025-02-25 20:09:21,-10.5269782675,-14.257554
2025-02-13 20:36:40,-13.351734388600002,-14.178405
2025-02-19 01:47:43,-10.823053856900003,-14.152318
2025-02-08 00:24:39,-10.9603985798,-14.276918
2025-02-01 00:36:00,-14.2368641242,-14.35592
2025-02-19 22:00:04,-16.911064046799996,-14.32966
2025-02-03 07:09:54,-16.671158295599998,-14.503329
2025-02-05 03:29:31,-12.666738001400002,-13.924126
2025-02-11 16:34:36,-17.841287131,-14.118842
2025-02-01 00:12:02,-10.288154275599998,-14.431095
2025-02-13 19:44:01,-13.346595128200002,-14.408025
2025-02-13 10:59:09,-11.204338848199997,-14.621416
2025-02-22 04:00:12,-11.619200070199998,-14.600393
2025-02-06 16:20:31,-11.6046863188,-14.6926775
2025-02-26 08:49:51,-17.400514565,-14.738052
2025-02-02 18:14:02,-18.918493937899996,-14.680136
2025-02-13 02:56:17,-14.734219115700002,-14.575114
2025-02-13 08:05:37,-10.072213061500001,-14.49597
2025-02-21 14:08:08,-13.5719750848,-14.567586
2025-02-27 03:04:57,-10.227335569899997,-14.334581
2025-02-04 22:24:44,-16.0027325411,-14.482213
2025-02-08 20:55:13,-12.859736506399997,-14.504938
2025-02-20 20:47:53,-30.038279957599997,-14.631182
2025-02-09 21:52:53,-19.714623243400002,-15.0781145
2025-02-04 00:39:08,-23.9489081775,-15.560422
2025-02-08 12:23:32,-14.381046877199998,-15.825726
2025-02-02 04:19:18,-14.954443581399998,-15.897464
2025-02-25 08:28:05,-10.3315129702,-16.162203
2025-02-21 07:19:40,-11.5310227493,-16.540035
2025-02-03 23:48:43,-14.1966208932,-16.5767
2025-02-13 18:37:28,-13.644097723799996,-16.779203
2025-02-12 07:34:31,-11.531014662,-16.565447
2025-02-24 16:39:35,-12.054121390299999,-16.475075
2025-02-10 16:08:24,-20.3872493849,-15.298176
2025-02-26 05:17:10,-10.017646603699998,-14.966731
2025-02-26 04:51:59,-11.738276030100003,-14.311829
2025-02-01 22:16:14,-14.381622190199996,-14.230043
2025-02-03 03:01:46,-12.142066202699999,-14.14774
2025-02-19 11:56:35,-20.345058505000004,-14.313571
2025-02-23 20:42:45,-10.155410036500001,-14.553134
2025-02-02 12:34:33,-10.342353475499998,-14.526548
2025-02-12 16:43:39,-10.514137643000002,-14.470699
2025-02-08 02:12:30,-13.5850382958,-14.487571
2025-02-19 02:06:02,-16.725914759300004,-14.489538
2025-02-11 13:57:35,-20.502445794500005,-14.083619
2025-02-22 19:47:08,-16.3959103847,-14.453125
2025-02-15 04:20:24,-14.412010069800004,-14.73661
2025-02-16 10:09:03,-11.885410323699997,-14.83928
2025-02-01 12:27:26,-11.229755229999999,-15.004232
2025-02-25 13:59:35,-17.255220361,-14.609032
2025-02-26 18:52:39,-11.3766859188,-14.907696
2025-02-20 15:14:36,-16.330094782,-15.107126
2025-02-14 19:32:42,-20.580578719100004,-15.335541
2025-02-11 03:04:17,-10.047900631300001,-15.49106
2025-02-09 13:17:50,-13.133982645799996,-15.325906
2025-02-24 22:33:08,-10.457130493100001,-14.923304
2025-02-21 22:29:16,-12.813903932899999,-14.708051
2025-02-19 19:48:36,-11.466877705700004,-14.609629
2025-02-20 03:38:36,-14.752086860899999,-14.623976
2025-02-13 07:46:57,-10.489547200199999,-14.712148
2025-02-01 02:24:06,-18.8701447902,-14.378364
2025-02-01 09:49:29,-12.3995394245,-14.540273
2025-02-27 08:11:22,-10.843219302099996,-14.367132
2025-02-17 16:09:15,-11.244399875199997,-13.909816
2025-02-25 19:28:03,-13.5089465778,-14.058593
2025-02-05 10:58:23,-10.593927518900003,-14.039001
2025-02-23 21:25:24,-13.6460125966,-14.128384
2025-02-27 15:07:48,-10.597420120200004,-14.1026
2025-02-05 15:46:11,-11.625050891099999,-14.111562
2025-02-09 23:58:27,-12.620729427999999,-13.917511
2025-02-19 14:28:43,-14.837068840500004,-13.991347
2025-02-07 05:41:48,-12.972761569400001,-13.63134
2025-02-12 03:10:02,-10.5610165542,-13.673368
2025-02-16 21:24:40,-12.016685093300001,-13.762814
2025-02-16 08:13:30,-11.0739032124,-13.821476
2025-02-14 11:09:05,-11.291638559400003,-13.721021
2025-02-06 04:24:09,-15.512434400599998,-13.7794485
2025-02-11 11:25:03,-15.757625300900003,-13.732779
2025-02-17 15:42:14,-10.936594066900001,-13.928361
2025-02-20 19:41:37,-16.373457281899995,-14.007537
2025-02-09 22:24:48,-11.7562149448,-14.103346
2025-02-08 07:54:29,-18.951483427100005,-14.026605
2025-02-04 08:35:13,-10.878613858899996,-14.187717
2025-02-22 09:51:18,-13.4391787482,-14.405958
2025-02-01 21:39:02,-10.1932021971,-14.52757
2025-02-18 16:00:31,-23.071761353,-14.621722
2025-02-01 09:45:33,-12.940561716899998,-14.907654
2025-02-20 21:37:57,-11.2502360178,-14.874884
2025-02-06 02:04:02,-12.7242163855,-14.765309
2025-02-27 09:56:41,-17.367074872799996,-14.921289
2025-02-01 19:06:41,-25.1247243823,-14.819776
2025-02-01 03:42:31,-10.349246690799998,-15.220875
2025-02-07 09:08:42,-26.7960918887,-15.039384
2025-02-14 05:06:35,-14.3044405701,-15.6069565
2025-02-02 16:16:06,-13.5846037248,-15.914379
2025-02-09 20:32:07,-14.9911149778,-16.334412
2025-02-13 17:19:28,-10.6293574696,-15.915448
2025-02-14 13:33:57,-10.802455269200001,-16.009617
2025-02-16 15:50:44,-14.7654210054,-16.104095
2025-02-06 09:36:31,-11.164530931599996,-16.102396
2025-02-15 18:31:48,-11.082539153599999,-15.737526
2025-02-24 03:38:04,-10.569117926400002,-14.87578
2025-02-14 20:12:54,-12.2227070894,-14.89353
2025-02-07 11:39:29,-12.621127316300003,-13.939598
2025-02-06 07:07:17,-13.115282739500001,-13.783555
2025-02-03 00:11:49,-13.178540134800002,-13.699645
2025-02-14 21:30:14,-10.630761768300001,-13.560758
2025-02-19 20:23:50,-13.3317295979,-13.6462965
2025-02-05 21:41:19,-15.116809414399999,-13.746276
2025-02-22 01:56:57,-15.943779129299996,-13.669491
2025-02-12 08:18:11,-22.1727781108,-13.869099
2025-02-18 13:12:04,-14.184553861800003,-14.247648
2025-02-04 08:41:22,-17.2062973773,-14.615042
2025-02-03 19:38:16,-12.5184475744,-14.919629
2025-02-16 21:00:43,-18.896035079700003,-15.118923
2025-02-18 01:16:10,-13.2781517777,-15.361628
2025-02-26 14:47:06,-13.962831553899996,-15.526407
2025-02-10 09:17:59,-12.0168250095,-15.804232
2025-02-06 18:33:06,-11.934883578900001,-15.829492
2025-02-06 13:52:49,-19.077188364099996,-15.681774
2025-02-14 05:36:41,-11.649203830500001,-15.592259
2025-02-14 01:46:40,-17.1850824684,-15.058731
2025-02-23 05:01:09,-13.007405795599999,-15.100053
2025-02-25 20:34:07,-18.9121433358,-14.920307
2025-02-25 14:55:03,-17.6246453656,-15.12789
2025-02-06 00:36:06,-27.478053908400003,-14.9945135
2025-02-18 12:10:29,-12.335255907199997,-15.460003
2025-02-19 23:11:31,-14.605030734299998,-15.738233
2025-02-23 00:14:40,-10.180298733800003,-16.07993
2025-02-04 14:01:20,-11.735951491599998,-16.26577
2025-02-07 14:30:31,-12.816906504599999,-15.92188
2025-02-13 02:49:10,-14.256132091300003,-15.998255
2025-02-25 18:37:06,-15.143613070600003,-15.722854
2025-02-15 23:10:20,-13.217091454499997,-15.727484
2025-02-08 10:39:52,-11.321728285,-15.346341
2025-02-19 01:44:46,-11.851275398599997,-15.007952
2025-02-25 17:05:35,-18.7793076823,-14.085892
2025-02-10 19:22:26,-12.2985091868,-14.229076
2025-02-09 15:23:34,-12.610591272599999,-14.195425
2025-02-07 08:28:57,-17.662307776599995,-14.406833
2025-02-18 21:49:04,-15.567051634,-14.604619
2025-02-04 01:01:29,-16.5739417879,-14.751349
2025-02-15 17:42:42,-15.760123886000002,-14.849249
2025-02-23 19:11:19,-10.5907611893,-14.906852
2025-02-27 04:43:20,-15.216471541900003,-14.98016
2025-02-16 01:43:07,-20.1947706324,-15.183228
2025-02-17 22:31:48,-16.3331656724,-15.458579
2025-02-02 14:06:28,-10.488628384400004,-15.314735
2025-02-15 12:04:53,-16.399744863599995,-15.45642
2025-02-18 05:21:45,-17.6887278435,-15.607689
2025-02-25 00:35:49,-12.039893694899998,-15.495384
2025-02-11 22:37:13,-15.972654848299998,-15.4369
2025-02-02 06:23:17,-14.9941336369,-15.346909
2025-02-05 21:09:31,-14.321942359899998,-15.306073
2025-02-08 20:21:47,-18.982154027,-15.560535
2025-02-26 08:47:29,-10.446956685399996,-15.6073065
2025-02-23 20:45:45,-12.871042009300004,-15.238175
2025-02-04 19:39:07,-10.147648763500003,-15.089438
2025-02-23 18:00:34,-14.089558148,-15.206879
2025-02-23 05:45:14,-10.9362898306,-14.975315
2025-02-21 20:05:04,-11.648172475800001,-14.621986
2025-02-21 02:21:18,-11.2919442691,-14.5951395
2025-02-18 17:27:06,-13.607101507400001,-14.307668
2025-02-11 12:19:42,-15.2227859825,-14.120528
2025-02-09 07:32:00,-12.428913723700003,-14.0386095
2025-02-07 18:12:06,-11.070641272200001,-13.683272
2025-02-08 05:38:22,-11.015003053399997,-13.810301
2025-02-17 09:10:10,-10.0332025792,-13.763705
2025-02-05 16:10:25,-11.355835937399998,-13.832721
2025-02-13 00:00:51,-11.370319106599997,-13.661283
2025-02-15 06:12:48,-11.212673676900001,-13.673302
2025-02-17 12:30:19,-10.8896657952,-13.634475
2025-02-25 17:23:14,-11.925288280099997,-13.604563
2025-02-04 11:08:12,-16.9417430157,-13.454011
2025-02-25 23:22:19,-10.7327053401,-13.3331995
2025-02-06 11:45:29,-11.150438031,-13.342632
2025-02-07 17:08:44,-12.137105842899999,-13.41648
2025-02-02 02:27:25,-11.9206590915,-13.495093
2025-02-06 09:25:26,-35.7874723762,-13.623427
2025-02-07 17:59:40,-10.868116162100003,-14.166317
2025-02-11 18:34:58,-19.7347202005,-14.547649
2025-02-07 04:43:32,-17.5049347541,-15.029093
2025-02-06 06:25:04,-10.6222517881,-15.525435
2025-02-19 09:50:23,-11.32625397,-15.80089
2025-02-06 12:12:07,-15.793753773000004,-15.664115
2025-02-05 21:00:54,-12.314816103199997,-15.919683
2025-02-15 18:55:52,-10.800589499700001,-16.064121
2025-02-22 07:00:34,-10.730426797099996,-16.05014
2025-02-21 02:49:26,-10.073301618099999,-15.971332
2025-02-20 23:28:38,-20.627523448300003,-14.40203
2025-02-03 21:31:54,-13.821975724100003,-14.579749
2025-02-02 21:41:21,-11.870593468700001,-14.222323
2025-02-17 11:37:01,-11.935854430999997,-13.9879265
2025-02-07 15:12:18,-12.449387291600003,-14.143527
2025-02-21 15:03:28,-18.4024195496,-14.238217
2025-02-03 21:59:54,-16.945269875199998,-14.181028
2025-02-05 01:41:49,-12.070679732200002,-14.38961
2025-02-25 01:44:30,-18.886133730699996,-14.626357
2025-02-26 12:18:55,-17.128139371,-14.959482
2025-02-01 23:51:48,-11.559061441600003,-15.352328
2025-02-12 03:57:20,-12.164985661899996,-15.010841
2025-02-06 21:38:40,-13.8148542875,-15.040717
2025-02-23 21:24:42,-15.7844691684,-15.17211
2025-02-13 08:28:27,-11.2074063846,-15.320146
2025-02-17 16:10:24,-13.3947772148,-15.352407
2025-02-03 15:07:31,-12.1965259813,-15.015252
2025-02-03 12:11:58,-13.3123471959,-14.749664
2025-02-05 05:04:26,-13.705941883800001,-14.784836
2025-02-17 20:25:30,-11.8191265674,-14.422418
2025-02-22 19:13:24,-12.4028491955,-14.155213
2025-02-14 19:51:41,-14.0197228484,-14.218878
2025-02-27 18:28:09,-12.1968131775,-14.267772
2025-02-25 00:52:09,-21.9736937043,-14.198088
2025-02-26 18:26:40,-10.5955205562,-14.210166
2025-02-01 11:53:46,-10.5824529712,-14.400616
2025-02-27 10:10:15,-14.4437028011,-14.39349
2025-02-09 12:25:18,-11.5601533633,-14.481924
2025-02-14 15:23:34,-28.873241582,-14.454936
2025-02-25 10:14:33,-11.724485712299998,-14.739054
2025-02-13 14:08:14,-24.6427518917,-15.016368
2025-02-09 10:38:08,-13.4028387499,-15.457194
2025-02-16 13:07:33,-12.464103609299999,-15.691471
2025-02-15 16:11:36,-12.665404795600002,-15.940738
2025-02-18 03:18:21,-12.612093313800003,-15.517567
2025-02-12 14:52:43,-10.016636598199998,-15.741769
2025-02-11 14:19:04,-10.020901053400001,-15.846946
2025-02-19 15:38:43,-10.420244270199996,-15.622541
2025-02-21 22:11:39,-10.0138136905,-15.518283
2025-02-12 23:45:47,-11.243072511099996,-14.332479
2025-02-17 16:16:33,-10.4983913472,-14.220191
2025-02-08 02:57:36,-11.191508537399999,-13.346075
2025-02-03 22:34:38,-20.030882218700004,-13.177139
2025-02-22 15:51:31,-11.242109761499998,-13.257947
2025-02-20 06:31:15,-16.1187797968,-13.290053
2025-02-08 11:45:36,-13.342009180899998,-13.410502
2025-02-19 10:46:10,-10.628614364399999,-13.677998
2025-02-14 16:30:44,-17.2982273548,-13.881267
2025-02-21 10:02:47,-15.709223666200002,-14.14678
2025-02-18 10:15:19,-13.1266022378,-14.458649
2025-02-03 15:59:24,-11.081754631400003,-14.660055
2025-02-25 14:15:27,-18.757522033299995,-14.832355
2025-02-21 00:16:22,-14.911493771900004,-15.062115
2025-02-24 14:03:50,-15.416237014399996,-14.755871
2025-02-08 09:30:26,-11.385922226100002,-15.00597
2025-02-27 07:34:01,-11.520115517599999,-14.881513
2025-02-07 11:55:28,-19.3004395029,-14.874832
2025-02-24 01:21:03,-10.132289833400002,-15.146116
2025-02-03 13:24:29,-16.917947865000002,-14.900958
2025-02-23 15:25:48,-19.2307134998,-14.834288
2025-02-12 16:43:04,-13.285858882799996,-15.022817
2025-02-10 16:52:52,-10.565969403499997,-15.277885
2025-02-13 14:08:00,-13.906176197800002,-14.972316
2025-02-24 04:17:31,-12.523691936500004,-14.909683
2025-02-19 13:38:40,-12.510577352700002,-14.785028
2025-02-04 16:08:23,-10.197238129900002,-14.878576
2025-02-15 17:22:40,-13.428236783699996,-14.886093
2025-02-06 19:36:58,-16.317439909999997,-14.444
2025-02-11 07:50:14,-11.235839699799998,-14.635075
2025-02-22 16:26:19,-12.3255024814,-14.365538
2025-02-15 03:34:15,-45.4705341634,-13.969293
2025-02-17 14:46:05,-10.676239530500002,-14.635627
2025-02-12 10:31:53,-10.0822671599,-15.236795
2025-02-22 01:09:15,-35.2690731885,-15.479095
2025-02-10 07:14:24,-12.443448667100002,-16.210138
2025-02-10 10:42:10,-13.739490964100002,-16.726469
2025-02-18 21:18:16,-17.1182037561,-17.26105
2025-02-06 17:21:03,-15.021063850300003,-17.541176
2025-02-11 06:48:19,-11.679179968900002,-17.548183
2025-02-11 07:59:34,-13.5967284543,-17.736238
2025-02-06 02:31:54,-12.2754287692,-17.769304
2025-02-16 07:12:35,-10.2796857685,-15.678632
2025-02-10 13:23:03,-11.200594258399999,-15.745888
2025-02-20 17:58:02,-17.012436335199997,-15.785413
2025-02-07 12:38:37,-14.648530616500002,-14.400504
2025-02-07 19:19:10,-11.1259840299,-14.471321
2025-02-21 23:08:26,-20.1924182923,-14.411813
2025-02-19 14:35:41,-13.1244578008,-14.310531
2025-02-23 05:47:34,-15.484735247700002,-14.307477
2025-02-15 14:55:18,-13.948942691599997,-14.53478
2025-02-01 16:23:27,-20.8625772466,-14.627352
2025-02-02 12:37:29,-12.0970824788,-14.931675
2025-02-13 20:07:17,-14.4818847788,-15.258539
2025-02-13 00:13:36,-14.536625067400003,-15.504719
2025-02-20 13:53:59,-12.053053736000004,-15.374341
2025-02-02 16:21:27,-10.57348536,-15.328256
2025-02-18 01:50:39,-10.450204286800004,-15.411926
2025-02-25 15:39:41,-10.2322886928,-14.877914
2025-02-12 07:53:14,-15.690690559,-14.73474
2025-02-02 00:13:25,-16.8646569414,-14.525832
2025-02-24 00:48:42,-16.8835095005,-14.496315
2025-02-20 17:20:05,-10.546006483400003,-14.135027
2025-02-10 05:47:55,-11.8967098357,-14.23454
2025-02-03 13:22:19,-11.538624479,-14.164659
2025-02-12 20:28:46,-11.302265576200002,-14.062761
2025-02-03 04:56:07,-12.868030967700001,-14.079211
2025-02-05 17:44:41,-10.0421739305,-14.186757
2025-02-26 17:39:31,-19.8159548998,-14.239089
2025-02-12 12:35:24,-11.077948080799999,-14.460181
2025-02-04 17:53:07,-16.6764856656,-14.288059
2025-02-08 01:23:22,-13.3563269827,-14.139438
2025-02-17 10:59:09,-10.695871200400001,-13.990954
2025-02-18 19:09:35,-12.2458114105,-14.16166
2025-02-16 04:48:04,-11.1546202498,-14.229342
2025-02-15 04:03:41,-12.5426652873,-14.274115
2025-02-13 16:42:26,-14.5773312388,-14.326294
2025-02-20 21:50:59,-16.3989682875,-14.320884
2025-02-18 16:14:47,-20.5213770396,-14.548913
2025-02-25 00:49:43,-16.7999504368,-14.335366
2025-02-08 00:51:42,-11.1156593576,-14.685718
2025-02-03 09:23:55,-10.512127703900001,-14.606172
2025-02-01 23:18:08,-18.7967366888,-14.647089
2025-02-12 19:13:11,-24.9229522265,-14.947429
2025-02-07 15:25:19,-13.514873496899998,-15.349288
2025-02-06 21:09:31,-19.802012555400005,-15.721907
2025-02-08 06:24:58,-16.6905229851,-16.0755
2025-02-19 17:01:43,-14.336861663499999,-16.275024
2025-02-02 22:41:39,-12.1700721682,-16.293406
2025-02-09 02:17:44,-17.221121996099995,-15.9649515
2025-02-06 17:59:11,-10.258752857399998,-15.912622
2025-02-16 16:32:09,-12.427690230599998,-16.078745
2025-02-08 08:26:00,-15.2703985921,-16.2168
2025-02-08 20:59:28,-10.544235342100002,-15.849947
2025-02-22 04:33:32,-16.9738632857,-15.051623
2025-02-14 08:57:38,-10.825133816799996,-15.057048
2025-02-21 15:21:12,-13.184388664499998,-14.616739
2025-02-19 09:13:58,-12.4711228996,-14.388034
2025-02-13 04:23:17,-14.196871147799996,-14.294068
2025-02-27 22:56:02,-11.9051907448,-14.356282
2025-02-21 13:07:22,-10.267835442100003,-14.091835
2025-02-04 17:23:28,-27.187171762099997,-14.194235
2025-02-27 10:29:48,-10.667962499,-14.474195
2025-02-25 07:24:00,-10.738934063899999,-14.466531
2025-02-21 12:36:34,-10.461181365699996,-14.672317
2025-02-16 15:08:44,-15.076491416200001,-14.421327
2025-02-25 19:34:35,-13.597627805699997,-14.584327
2025-02-10 22:29:29,-12.739298577000001,-14.595796
2025-02-09 09:36:41,-10.7213377715,-14.630757
2025-02-27 14:32:44,-19.5184599121,-14.505597
2025-02-03 16:25:14,-12.034047133700001,-14.661485
2025-02-17 06:12:17,-11.1426985849,-14.85362
2025-02-27 09:43:02,-14.022927848199998,-13.996051
2025-02-11 16:09:55,-11.074921639800003,-14.173718
2025-02-25 12:52:43,-13.973114342600004,-14.290653
2025-02-18 20:18:26,-12.321363050300002,-14.440826
2025-02-12 21:21:00,-16.7746912181,-14.292324
2025-02-23 09:28:06,-11.900137881999997,-14.319289
2025-02-22 07:20:02,-14.728490387500003,-14.355555
2025-02-07 16:52:06,-20.5611844648,-14.540192
2025-02-08 18:47:21,-33.5722300529,-14.344964
2025-02-17 16:52:01,-15.659273805599998,-14.997709
2025-02-18 05:54:13,-22.5445061745,-15.609834
2025-02-13 22:14:40,-11.561504642300001,-16.135513
2025-02-13 02:18:47,-13.126061728300002,-16.648737
2025-02-05 23:48:30,-18.6349234604,-16.857857
2025-02-05 00:00:40,-11.7774446712,-17.182512
2025-02-05 19:55:56,-21.9726775177,-17.075272
2025-02-19 06:18:51,-16.7488619355,-17.392757
2025-02-27 08:08:49,-15.7386897524,-17.485151
2025-02-04 08:38:49,-14.818420919900003,-17.168215
2025-02-10 16:37:22,-10.61040842,-16.03266
2025-02-18 12:26:42,-17.8068758278,-15.9378
2025-02-24 12:22:46,-12.485582225,-15.493521
2025-02-14 12:33:01,-14.707990182399996,-15.665364
2025-02-03 11:10:18,-11.998231319399999,-15.728977
2025-02-13 12:08:09,-13.359941245000003,-15.392066
2025-02-02 21:31:02,-26.3342384646,-15.465625
2025-02-04 19:18:09,-12.619604883200001,-15.184269
2025-02-22 14:47:04,-10.1080340484,-15.148224
2025-02-21 23:44:06,-14.1141557189,-15.070864
2025-02-22 01:38:45,-16.092991876,-15.04738
2025-02-22 18:37:22,-14.0782388169,-15.3061075
2025-02-16 20:19:37,-25.858242525899996,-15.102906
2025-02-02 19:49:33,-10.056299403900002,-15.4691105
2025-02-21 05:44:18,-13.597363078100004,-15.532797
2025-02-25 04:26:38,-12.2905821077,-15.723977
2025-02-19 16:46:32,-15.0565520033,-15.754408
2025-02-11 06:11:07,-12.041108333999999,-15.013614
2025-02-18 01:01:38,-16.853976916300002,-15.076402
2025-02-21 22:47:57,-10.149369747,-15.3439865
2025-02-19 16:01:53,-14.0120459391,-15.255866
2025-02-12 21:16:20,-18.937630273,-15.060683
2025-02-15 21:03:00,-12.9516902733,-15.101077
2025-02-13 15:45:59,-13.5910290882,-14.407276
2025-02-13 05:00:53,-10.702590257999999,-14.675577
2025-02-20 18:34:01,-12.0657265619,-14.65026
2025-02-06 10:46:44,-14.820153167600001,-14.674261
2025-02-15 20:53:35,-16.684671152199996,-14.564687
2025-02-14 21:51:54,-12.0159301953,-14.702337
2025-02-26 09:56:09,-10.8004057355,-14.504254
2025-02-07 21:02:06,-14.813022480900003,-14.654757
2025-02-06 04:24:52,-10.7151019366,-14.603595
2025-02-14 20:23:15,-16.293051757299995,-14.206953
2025-02-14 03:47:21,-17.804932659099997,-14.257789
2025-02-07 02:58:18,-16.9139289782,-14.356606
2025-02-24 20:35:07,-10.116683481600003,-14.674996
2025-02-07 03:06:28,-10.121870431499998,-14.798467
2025-02-12 19:55:55,-18.1748425369,-14.675283
2025-02-24 15:53:18,-10.8945382361,-14.551746
2025-02-07 16:33:32,-10.677958546800003,-14.634354
2025-02-04 05:40:16,-12.1307164265,-14.726672
2025-02-27 14:44:00,-12.8848983933,-14.556014
2025-02-18 08:18:45,-10.2906986514,-14.63312
2025-02-10 15:10:12,-15.252150905000002,-14.320896
2025-02-17 14:03:55,-16.4246839112,-14.002796
2025-02-05 17:31:08,-10.141229192,-13.831408
2025-02-14 21:02:14,-10.175163114000002,-13.997396
2025-02-16 08:22:50,-14.081402715900003,-14.105676
2025-02-01 21:26:08,-11.0765434771,-13.778496
2025-02-01 14:33:39,-14.013569498200003,-13.857058
2025-02-10 08:26:56,-14.498497722199998,-13.981072
2025-02-24 23:45:39,-11.6084381352,-14.050182
2025-02-21 23:45:30,-12.8663805187,-14.042193
2025-02-10 18:37:24,-13.3357731207,-14.189625
2025-02-15 04:51:19,-14.346548290999998,-14.04994
2025-02-20 01:36:29,-14.076819881800004,-13.881903
2025-02-26 03:09:28,-33.9658440072,-14.107771
2025-02-20 08:22:26,-16.198559841400005,-14.758485
2025-02-20 09:54:53,-12.505555313099999,-15.11479
2025-02-15 09:01:52,-27.4238383277,-15.54704
2025-02-26 00:50:31,-11.101550157900002,-16.025164
2025-02-23 05:44:34,-14.6876157636,-16.276175
2025-02-05 14:01:42,-20.631348639,-16.639425
2025-02-07 14:53:47,-11.027675931400001,-16.97938
2025-02-02 18:06:46,-13.657197119200001,-17.11408
2025-02-26 01:02:59,-10.327681587100003,-17.110935
2025-02-04 22:28:40,-10.2640704513,-16.987904
2025-02-19 02:31:13,-14.357599427100002,-15.553703
2025-02-05 05:40:23,-14.186349177799999,-15.299785
2025-02-17 10:42:07,-24.7816362795,-15.286201
2025-02-17 17:08:42,-11.027598201000004,-14.625002
2025-02-12 03:10:44,-10.8247870263,-14.868381
2025-02-13 21:22:56,-13.218705938099996,-14.816737
2025-02-05 12:30:02,-11.953260095499997,-14.406749
2025-02-07 14:11:05,-15.388666060600002,-14.544029
2025-02-07 16:14:26,-12.129235506300002,-14.560691
2025-02-02 01:52:50,-20.3866522069,-14.734173
2025-02-05 07:45:02,-10.145914896000003,-15.047749
2025-02-05 15:47:07,-10.3990446064,-14.994627
2025-02-22 07:46:18,-18.6133206561,-14.884105
2025-02-21 16:32:20,-11.4121165677,-14.271817
2025-02-08 03:14:24,-11.450664963100003,-14.438806
2025-02-25 17:24:47,-10.888094825399998,-14.568366
2025-02-26 16:34:53,-10.852846035,-14.499888
2025-02-12 22:16:08,-13.288829546899999,-14.466743
2025-02-10 12:52:38,-13.6992288932,-14.249427
2025-02-13 07:31:22,-10.505790803299998,-14.255962
2025-02-22 07:06:34,-10.865712872400001,-13.737556
2025-02-16 14:08:52,-10.134985053300001,-13.818332
2025-02-15 14:05:58,-10.303940470299999,-13.842669
2025-02-24 22:20:32,-12.413886778999997,-13.367176
2025-02-19 21:44:47,-11.57683015,-13.357107
2025-02-06 06:11:39,-12.4469876371,-13.347647
2025-02-11 09:33:12,-15.726691913800002,-13.39272
2025-02-16 03:00:46,-13.6297105637,-13.521615
2025-02-02 08:02:58,-16.2184823564,-13.527778
2025-02-25 12:35:53,-12.314006750700003,-13.588175
2025-02-09 07:46:25,-16.3967341378,-13.808583
2025-02-25 10:23:29,-24.8451096418,-14.068238
2025-02-20 16:37:48,-17.436329663799995,-14.587693
2025-02-21 04:33:41,-11.537111410899998,-15.098237
2025-02-03 14:49:45,-10.670969979200002,-15.359969
2025-02-24 12:46:33,-12.103700803900004,-15.555212
2025-02-26 19:17:41,-17.5561121814,-15.625543
2025-02-27 06:47:45,-10.3599061142,-15.5550785
2025-02-11 12:24:49,-13.1348039222,-15.508371
2025-02-25 11:36:03,-10.8184313817,-15.289312
2025-02-24 19:58:53,-10.6955342541,-15.24728
2025-02-23 03:06:40,-10.046592963299998,-14.907007
2025-02-08 17:56:52,-21.341965339,-14.038627
2025-02-18 06:11:23,-12.4889929258,-13.855732
2025-02-05 06:56:14,-12.098294090199998,-13.997063
2025-02-17 06:17:08,-11.686883329699999,-14.163215
2025-02-25 15:19:55,-14.631240953599999,-14.208021
2025-02-05 14:06:02,-13.5200263501,-13.970716
2025-02-27 13:07:37,-11.9648600413,-14.16978
2025-02-03 11:15:43,-16.3368485749,-14.17035
2025-02-06 02:59:27,-36.2453260211,-14.375962
2025-02-03 14:06:14,-10.782963973299998,-15.055456
2025-02-13 12:28:46,-13.090751506700002,-15.575082
2025-02-17 02:34:04,-12.960135567700002,-15.334112
2025-02-20 19:58:07,-12.299922421299998,-15.567157
2025-02-13 03:40:21,-10.1584806416,-15.736818
2025-02-10 06:58:42,-14.4424675417,-15.811135
2025-02-03 18:26:36,-12.637610780699998,-15.701935
2025-02-16 07:42:55,-15.100147853799998,-15.622803
2025-02-25 08:01:09,-12.452391272899996,-15.661923
2025-02-21 21:46:22,-12.0315354094,-15.39307
2025-02-27 19:33:18,-11.254722982299999,-13.945321
2025-02-17 01:19:07,-10.267893505799998,-14.04127
2025-02-17 07:53:50,-10.1736967052,-13.951498
2025-02-24 11:33:15,-10.0038941158,-13.834732
2025-02-10 11:09:26,-10.1676133237,-13.726813
2025-02-21 18:04:45,-12.4438869933,-13.7226095
2025-02-11 09:32:09,-15.064740767000002,-13.497147
2025-02-07 03:39:39,-16.275579111399995,-13.46375
2025-02-27 06:55:40,-13.7205569894,-13.379941
2025-02-14 13:35:02,-13.303487133499996,-13.474987
2025-02-13 07:06:00,-12.8695523905,-13.60226
2025-02-23 07:45:54,-12.8184474286,-13.767035
2025-02-25 03:58:18,-19.2994962048,-13.976613
2025-02-21 19:53:56,-12.3694965363,-14.311132
2025-02-16 01:50:15,-12.864385166,-14.592622
2025-02-02 20:15:20,-15.3690591971,-14.828562
2025-02-27 12:18:50,-10.7455992839,-14.945592
2025-02-07 22:00:26,-12.194369744499998,-14.823001
2025-02-07 03:54:29,-22.9212115816,-14.608405
2025-02-12 09:50:08,-36.4113642445,-14.757944
2025-02-06 02:26:57,-10.736140133999998,-15.377137
2025-02-07 08:46:30,-18.6184543542,-15.806762
2025-02-22 17:01:41,-11.450055846300002,-16.259993
2025-02-10 00:26:58,-10.7306824941,-16.150888
2025-02-07 02:17:53,-10.101426222200002,-16.33598
2025-02-16 11:43:45,-11.837790003400002,-16.351141
2025-02-04 10:52:19,-11.5713259875,-16.139788
2025-02-09 20:51:06,-10.4445019771,-16.1561
2025-02-26 09:33:50,-11.1389330284,-16.002825
2025-02-14 19:06:22,-15.525627234600002,-15.163708
2025-02-10 23:56:00,-10.056686496200001,-13.672319
2025-02-13 12:26:00,-15.7356504647,-13.71661
2025-02-07 20:46:35,-10.667218791199998,-13.3917055
2025-02-07 17:53:58,-15.0710651296,-13.456888
2025-02-14 00:57:18,-10.610022135699996,-13.625543
2025-02-03 17:21:05,-13.562446824,-13.775616
2025-02-07 00:04:11,-12.1420171948,-13.845099
2025-02-24 01:07:27,-10.984144474599997,-13.913876
2025-02-21 11:16:06,-13.0423483112,-14.011435
2025-02-12 20:07:28,-10.3181594228,-14.077875
2025-02-24 01:24:00,-10.0010857321,-13.839142
2025-02-11 01:07:15,-15.6258824097,-13.889815
2025-02-27 20:37:26,-16.8073062385,-13.691047
2025-02-21 07:34:42,-11.200970432900002,-13.884663
2025-02-23 06:44:07,-10.0437971167,-13.7726145
2025-02-09 13:39:24,-18.1510458731,-13.873095
2025-02-03 19:43:16,-10.243741977899997,-13.920638
2025-02-07 12:33:11,-15.003609139299996,-13.976562
2025-02-24 12:49:11,-10.590921932199999,-14.147178
2025-02-03 04:08:07,-11.6085021936,-14.129711
2025-02-19 03:02:37,-18.597166056300004,-14.249114
2025-02-26 02:16:27,-19.3357264109,-14.503098
2025-02-19 09:01:47,-10.2261797973,-14.524317
2025-02-15 07:53:41,-17.725953426100002,-14.380311
2025-02-06 17:07:35,-18.3938625159,-14.660885
2025-02-02 13:06:14,-16.654954443299996,-15.0694895
2025-02-04 22:49:03,-14.225489279400001,-15.001234
2025-02-18 20:24:46,-12.705647659900002,-15.376248
2025-02-10 03:35:31,-11.0191971474,-15.388233
2025-02-08 03:49:16,-13.5324351586,-15.576318
2025-02-11 02:46:54,-12.6134097964,-15.670691
2025-02-13 12:03:35,-14.524606023000002,-15.297477
2025-02-23 11:36:08,-17.0796753519,-14.916272
2025-02-07 08:58:06,-10.168007663099997,-15.164127
2025-02-17 01:55:06,-11.687808933799998,-14.858562
2025-02-07 05:11:36,-10.9879865825,-14.498151
2025-02-09 18:22:45,-11.040999386000001,-14.21741
2025-02-19 09:44:30,-13.4250939566,-14.062312
2025-02-04 23:48:16,-11.9741467528,-14.027809
2025-02-24 03:45:24,-11.664015133999996,-14.080741
2025-02-18 02:14:42,-24.627543021,-13.970309
2025-02-18 13:29:32,-12.6026189519,-14.178748
2025-02-05 02:09:34,-17.586868555199995,-14.217222
2025-02-03 07:22:17,-14.964192105199999,-14.189465
2025-02-14 06:20:18,-14.160957137299999,-14.569751
2025-02-04 14:45:34,-13.756963690200001,-14.828767
2025-02-11 04:58:12,-11.498506537000003,-15.092281
2025-02-20 20:59:15,-10.690356403999997,-15.267486
2025-02-11 15:44:03,-11.8264812346,-15.21315
2025-02-22 01:47:05,-14.899783297000004,-15.206511
2025-02-07 22:46:50,-16.2646267585,-15.246014
2025-02-09 20:33:41,-10.587839772000002,-14.566981
2025-02-18 13:56:52,-16.362993564799996,-14.569134
2025-02-06 16:12:37,-12.179584131399999,-14.34991
2025-02-18 22:05:20,-28.4752697255,-14.262656
2025-02-18 17:26:06,-17.2105887827,-14.549836
2025-02-21 21:12:50,-10.5321860158,-14.860039
2025-02-06 09:01:34,-13.268448418099997,-15.172153
2025-02-20 01:03:57,-12.1759840946,-15.475514
2025-02-09 07:49:09,-14.464492565099999,-15.625547
2025-02-11 20:40:42,-19.003682460499995,-15.572118
2025-02-02 08:20:35,-19.5751112091,-15.526566
2025-02-19 13:14:02,-11.989561444600001,-15.908802
2025-02-12 03:04:39,-23.2454554742,-15.8271475
2025-02-13 20:47:55,-16.172764285,-16.173964
2025-02-07 20:34:44,-11.173743773599996,-15.497801
2025-02-15 03:43:27,-11.1360208715,-15.427304
2025-02-23 03:36:51,-14.7603920355,-15.668762
2025-02-11 05:50:29,-20.1300205695,-15.727178
2025-02-06 14:05:52,-11.6131103482,-15.953873
2025-02-11 07:16:15,-12.090551664099996,-15.930192
2025-02-25 05:21:12,-22.3070183142,-15.572449
2025-02-05 21:51:26,-12.004634299399997,-15.370109
2025-02-05 00:20:12,-15.169688450599999,-15.545781
2025-02-12 13:55:50,-13.075817928999996,-15.048681
2025-02-14 14:24:25,-10.9791834029,-14.961304
2025-02-13 01:12:41,-12.8245225501,-15.100014
2025-02-07 01:13:51,-17.2794042902,-15.208456
2025-02-05 01:41:03,-16.760127771999997,-15.163627
2025-02-09 16:43:54,-15.144072995199997,-14.84932
2025-02-15 22:59:12,-10.128455358100002,-15.067581
2025-02-11 07:45:01,-19.9001445718,-15.146915
2025-02-07 18:42:03,-11.176933706000003,-14.745911
2025-02-11 19:03:33,-14.8758068311,-14.890432
2025-02-15 02:31:41,-17.801177833799997,-14.858084
2025-02-03 00:34:10,-17.479804606699997,-15.021489
2025-02-18 09:39:29,-13.298476263199998,-15.350189
2025-02-10 23:35:12,-11.3931337462,-15.501814
2025-02-06 21:56:18,-22.7873679181,-15.298728
2025-02-25 22:54:30,-20.0794684851,-15.316244
2025-02-20 04:08:06,-10.452957087200003,-15.510412
2025-02-05 11:41:27,-18.6488833223,-15.861831
2025-02-07 17:16:08,-10.7759956292,-15.675307
2025-02-14 11:14:24,-19.2726698743,-15.901469
2025-02-24 16:35:36,-11.247353996999998,-15.978321
2025-02-23 01:52:42,-11.379811091600002,-15.763085
2025-02-27 16:45:48,-11.702517249100001,-15.503201
2025-02-05 12:03:53,-18.8879653227,-15.450551
2025-02-11 17:36:37,-13.692891644999998,-15.617492
2025-02-07 06:02:06,-14.494937282799997,-15.062761
2025-02-08 13:29:39,-15.076223004,-14.712264
2025-02-22 05:05:12,-15.1927367271,-14.96829
2025-02-21 08:35:08,-17.8593898044,-14.741744
2025-02-14 20:04:54,-11.9387640229,-15.063899
2025-02-07 09:43:16,-14.331160615299998,-14.796117
2025-02-21 14:49:53,-12.365179615,-15.017675
2025-02-15 12:35:54,-20.316027063500005,-15.170705
2025-02-11 04:21:34,-12.3408379144,-15.424516
2025-02-12 04:48:21,-20.718792261200004,-15.163659
2025-02-21 11:10:03,-10.433580286000002,-15.359259
2025-02-23 23:59:53,-15.066823389400001,-15.374761
2025-02-07 09:33:05,-10.049280484,-15.36381
2025-02-11 03:23:26,-12.3717419933,-15.238373
2025-02-20 05:44:56,-16.4315931647,-14.928254
2025-02-02 15:45:11,-27.5433508687,-15.042993
2025-02-14 19:35:27,-10.5050417218,-15.290285
2025-02-11 05:29:57,-10.910140128,-15.504232
2025-02-06 07:50:08,-11.114033855299999,-15.145717
2025-02-14 04:13:08,-12.8344224764,-15.208209
2025-02-21 03:02:18,-11.431898272200003,-14.743881
2025-02-18 04:05:31,-13.093178993299999,-14.863844
2025-02-27 14:07:44,-11.710298262699999,-14.697826
2025-02-20 10:47:38,-13.7552691026,-14.803434
2025-02-01 01:16:07,-12.915224314699998,-14.780381
2025-02-20 14:59:03,-11.370998118299998,-14.512177
2025-02-27 00:34:06,-24.9676334932,-13.589794
2025-02-13 20:44:12,-22.81983399,-13.972608
2025-02-19 13:12:55,-15.577331394699998,-14.4782295
2025-02-07 03:59:57,-19.7458704312,-14.937172
2025-02-10 12:32:08,-16.636040157400004,-15.355081
2025-02-25 19:43:42,-10.4102512369,-15.825864
2025-02-05 04:08:56,-36.5560859795,-16.027683
2025-02-10 06:52:52,-14.9154157617,-16.753267
2025-02-11 14:52:11,-15.901210988199999,-17.190071
2025-02-18 04:35:03,-14.698269218499998,-17.59527
2025-02-13 06:18:56,-10.051281911500004,-17.98196
2025-02-05 17:34:46,-12.0682599078,-17.307281
2025-02-14 22:28:31,-10.269386545600002,-16.708603
2025-02-21 23:08:21,-16.464837244699996,-16.470558
2025-02-06 16:48:48,-13.5805804083,-16.02822
2025-02-19 20:09:17,-11.5957585769,-15.771062
2025-02-13 13:01:47,-15.1999295064,-15.8442955
2025-02-02 10:08:14,-10.8630603509,-14.390094
2025-02-05 10:15:21,-13.6334752746,-14.248756
2025-02-19 18:37:11,-10.106571343900002,-14.07714
2025-02-21 07:25:43,-10.208350519200003,-13.925081
2025-02-07 19:03:34,-30.3005646932,-14.007908
2025-02-02 08:41:22,-18.323307062300003,-14.350934
2025-02-16 14:53:56,-14.017061292800001,-14.830469
2025-02-17 15:10:44,-11.2261855611,-14.887587
2025-02-04 21:21:02,-11.5003468468,-15.022562
2025-02-16 09:34:32,-13.1431134797,-15.195602
2025-02-17 01:57:03,-11.0326982195,-15.114409
2025-02-01 16:49:29,-10.555480507599999,-15.223619
2025-02-14 09:11:16,-10.014577345399996,-15.092903
2025-02-12 09:00:33,-24.2803390702,-15.111382
2025-02-26 05:33:09,-11.513430088300002,-15.364755
2025-02-19 10:24:21,-10.041185489199998,-14.338811
2025-02-23 06:57:03,-10.720660587000001,-14.016827
2025-02-21 21:07:39,-14.676067879100003,-13.92205
2025-02-19 02:12:09,-20.556612548,-14.039414
2025-02-11 20:24:33,-10.141102853900001,-14.29093
2025-02-20 17:25:06,-10.1299051461,-14.340615
2025-02-14 10:27:35,-15.871700227700003,-14.445923
2025-02-26 05:57:53,-10.689113929200003,-14.632688
2025-02-16 11:20:45,-11.8752942949,-14.772723
2025-02-13 14:50:28,-13.551056620100002,-14.045599
2025-02-07 02:01:49,-11.4678071186,-14.123253
2025-02-04 00:20:47,-13.2353244562,-14.252241
2025-02-25 16:34:18,-11.521711127800002,-14.347143
2025-02-03 01:40:44,-18.9898081892,-14.176981
2025-02-09 19:22:19,-11.3516328241,-13.814595
2025-02-20 00:37:39,-12.723749130399998,-14.026116
2025-02-04 20:10:03,-10.4988940149,-14.224081
2025-02-26 05:30:10,-11.695016296600002,-14.022039
2025-02-16 14:57:58,-10.5577086876,-14.113921
2025-02-11 16:54:58,-17.4593320937,-14.089512
2025-02-14 13:06:58,-16.701961832700004,-14.078922
2025-02-03 07:16:34,-12.413279044099996,-14.260087
2025-02-10 17:32:13,-13.654820983799999,-14.300335
2025-02-11 08:21:43,-12.650092163899997,-14.444398
2025-02-22 11:54:57,-11.6827474013,-14.125356
2025-02-13 04:31:54,-10.6252528113,-14.235026
2025-02-27 23:55:30,-11.5674425352,-14.20811
2025-02-03 13:53:26,-11.008375257999997,-14.28975
2025-02-02 23:00:54,-15.2736387535,-14.263818
2025-02-25 10:07:44,-13.8699286998,-14.367319
2025-02-22 02:25:13,-15.4888046229,-14.08036
2025-02-24 18:56:20,-10.4728169853,-13.911714
2025-02-06 03:57:59,-10.730585957499999,-13.943361
2025-02-15 17:14:08,-11.41124322,-13.864306
2025-02-06 13:19:52,-11.675270620399996,-13.828288
2025-02-04 23:22:35,-23.4736460916,-13.838456
2025-02-08 11:37:05,-10.986970572799999,-14.145196
2025-02-01 14:41:10,-11.778478715099997,-14.304525
2025-02-06 11:45:10,-20.9786075368,-14.456905
2025-02-24 22:10:14,-10.679784068100004,-14.511029
2025-02-04 23:29:16,-14.089157081,-14.551241
2025-02-11 01:05:33,-16.564879069399996,-14.502485
2025-02-07 12:24:25,-10.148448937799998,-14.801737
2025-02-07 16:54:18,-14.395629639900003,-14.972973
2025-02-04 10:06:08,-13.543455101000003,-15.107637
2025-02-27 00:49:09,-11.665325824199998,-15.202779
2025-02-19 16:42:22,-10.3155719069,-14.54452
2025-02-02 23:25:34,-19.3172074703,-14.598209
2025-02-12 16:06:12,-21.9673781465,-14.73809
2025-02-18 06:08:31,-16.7024325839,-14.492275
2025-02-14 22:30:49,-10.6520321641,-14.894376
2025-02-10 22:40:20,-11.965781557199996,-14.97371
2025-02-06 21:24:59,-10.946721589599997,-14.848147
2025-02-09 08:51:26,-14.365230101499996,-15.036294
2025-02-06 22:44:41,-11.197067502399998,-14.972563
2025-02-27 08:04:33,-10.361041059700002,-14.901689
2025-02-12 05:18:13,-14.666175680299999,-14.882569
2025-02-04 07:43:36,-10.971804445799998,-14.98051
2025-02-19 22:00:26,-10.8122167418,-14.488457
2025-02-27 06:56:25,-12.2679232208,-13.842227
2025-02-20 01:10:18,-11.864917698100001,-13.54936
2025-02-13 18:17:09,-11.949422209699998,-13.619469
2025-02-26 08:29:04,-10.2436391189,-13.611448
2025-02-07 20:46:25,-16.362872089399996,-13.628018
2025-02-19 07:51:42,-10.284622653199998,-13.546737
2025-02-07 15:21:35,-10.568325409600003,-13.603393
2025-02-06 17:41:01,-25.2095956668,-13.67879
2025-02-16 21:30:45,-10.1745071265,-13.781082
2025-02-09 01:38:39,-14.068019919700001,-13.995875
2025-02-16 22:08:31,-10.455216185399998,-14.231011
2025-02-27 04:49:32,-10.117964126300002,-14.298543
2025-02-06 13:04:04,-14.7739741757,-14.32272
2025-02-03 11:52:51,-10.8332853555,-14.382602
2025-02-04 18:54:11,-22.030120549,-14.486152
2025-02-13 05:49:46,-11.698017656,-14.42146
2025-02-15 02:28:19,-11.982998117899998,-14.653086
2025-02-23 03:27:14,-10.7414309884,-14.820543
2025-02-19 23:38:49,-24.8192054036,-14.062285
2025-02-22 18:46:38,-10.474943890999997,-14.476231
2025-02-02 14:44:05,-13.799590402300002,-14.533308
2025-02-08 06:36:54,-11.6126207208,-14.799182
2025-02-20 15:40:35,-15.824469255600002,-15.012069
2025-02-15 19:07:07,-14.8747955397,-14.9765415
2025-02-20 03:33:42,-10.174725737200001,-15.184351
2025-02-23 21:23:52,-25.9776228554,-14.627182
2025-02-12 15:02:01,-11.5163817035,-14.979779
2025-02-04 12:40:26,-19.7756966897,-15.19519
2025-02-01 07:19:22,-10.722451595900003,-15.582424
2025-02-07 05:59:26,-18.935933654799996,-14.99228
2025-02-24 22:07:26,-10.784294737800003,-15.3793955
2025-02-06 08:56:24,-11.409331463599997,-15.435368
2025-02-23 10:52:11,-11.451710850400001,-15.547427
2025-02-16 23:22:20,-13.6129394474,-15.335751
2025-02-13 20:10:30,-15.3724194611,-15.186406
2025-02-14 17:32:48,-12.9302043055,-15.356769
2025-02-25 04:38:35,-16.766643972400004,-14.55439
2025-02-02 14:59:09,-13.7918429282,-14.723817
2025-02-23 16:50:25,-10.939757612700001,-14.390921
2025-02-03 20:05:55,-16.801717508400003,-14.547225
2025-02-27 11:41:59,-12.1496853373,-14.288546
2025-02-15 13:53:42,-13.931823694500004,-14.479123
2025-02-24 20:36:00,-31.1767158224,-14.631121
2025-02-18 18:26:56,-13.5931675409,-15.1414585
2025-02-01 13:34:45,-12.476999305,-15.412719
2025-02-26 03:30:19,-15.3714247009,-15.491404
2025-02-23 02:46:41,-10.819946085400003,-15.703851
2025-02-27 18:18:41,-13.752748692200003,-15.562596
2025-02-23 17:33:51,-12.097836807,-15.582219
2025-02-07 21:09:55,-12.952435348200002,-15.710361
2025-02-21 05:37:02,-10.998401124799999,-15.445928
2025-02-22 08:57:58,-10.160716115900001,-15.408863
2025-02-13 23:30:31,-10.4543306716,-15.194617
2025-02-07 14:47:27,-10.516148084300001,-13.935015
2025-02-03 02:12:17,-11.6903063878,-13.754341
2025-02-10 23:14:08,-16.8797730699,-13.65215
2025-02-20 07:11:37,-10.281044596099997,-13.500434
2025-02-25 02:48:01,-11.9044265359,-13.572236
2025-02-15 06:51:34,-10.5503926258,-13.476119
2025-02-10 00:32:23,-15.167782459100003,-13.451822
2025-02-12 09:45:06,-11.9637021926,-13.453322
2025-02-10 18:56:21,-11.104566830400001,-13.556513
2025-02-21 01:49:39,-17.707068829700003,-13.680717
2025-02-27 22:26:56,-10.0820101317,-13.898392
2025-02-09 20:43:41,-11.3877694133,-14.030998
2025-02-24 14:04:14,-13.079390189399998,-14.065958
2025-02-23 15:44:53,-11.253272502800002,-13.810658
2025-02-24 01:00:31,-16.7416101156,-13.923531
2025-02-17 07:39:24,-10.3477671938,-14.028957
2025-02-27 02:45:58,-11.913215512599999,-14.144549
2025-02-14 19:25:30,-11.8876126202,-13.973923
2025-02-24 00:45:16,-10.100007279000002,-13.985315
2025-02-20 07:12:57,-10.994642545700001,-13.997361
2025-02-21 17:08:47,-14.9928461702,-13.608133
2025-02-20 10:12:15,-11.076381974299998,-13.748245
2025-02-22 22:03:44,-16.065639185299997,-13.776679
2025-02-01 06:58:06,-13.6979890402,-13.79114
2025-02-07 01:54:41,-17.6065201727,-13.925759
2025-02-11 22:02:34,-15.5887804429,-13.835393
2025-02-05 13:04:40,-12.9475217429,-14.155991
2025-02-24 07:59:55,-17.6266838773,-14.345485
2025-02-09 00:24:24,-11.1306130023,-14.604816
2025-02-02 14:22:51,-10.4554816981,-14.875017
2025-02-04 20:04:36,-17.9278364175,-15.00092
2025-02-07 13:15:32,-15.810161084199997,-14.971706
2025-02-12 14:11:03,-12.981081587999999,-15.198853
2025-02-22 20:07:54,-11.232260121699998,-15.079061
2025-02-23 11:51:50,-11.4888120496,-15.041445
2025-02-20 07:18:49,-10.622467295899998,-14.726307
2025-02-04 07:43:30,-12.674871230199999,-14.492248
2025-02-05 17:08:40,-13.6118869357,-14.424805
2025-02-11 06:54:28,-12.0278038125,-14.105589
2025-02-02 11:49:34,-12.392329997299997,-14.168027
2025-02-12 09:34:56,-10.8789621931,-14.26253
2025-02-06 11:54:12,-12.3898000064,-13.881464
2025-02-15 09:00:11,-14.064434321199998,-13.653552
2025-02-13 04:32:59,-16.270682699300004,-13.642212
2025-02-04 03:21:20,-15.850121117599999,-13.811238
2025-02-12 03:33:02,-13.8946290631,-14.011903
2025-02-07 03:00:44,-10.229020120699998,-14.257683
2025-02-03 05:42:53,-16.4507140998,-14.297791
2025-02-01 02:54:37,-19.253772503499995,-14.351719
2025-02-25 15:06:26,-15.1547413255,-14.605191
2025-02-16 00:02:06,-13.055756320199997,-14.827806
2025-02-04 23:45:36,-15.084505815799998,-15.0902405
2025-02-07 23:56:54,-10.683298047199997,-15.257117
2025-02-21 00:36:25,-12.2928239336,-15.22242
2025-02-06 12:27:39,-12.061444822400004,-15.019915
2025-02-15 15:11:21,-13.8558124622,-14.815904
2025-02-06 16:48:14,-10.976855985600002,-14.747683
2025-02-26 11:02:10,-15.7050531417,-14.845189
2025-02-18 10:30:15,-11.219652221000002,-14.625671
2025-02-27 17:20:23,-10.998626152500002,-14.207474
2025-02-02 06:43:11,-11.0398945793,-14.01924
2025-02-05 08:55:35,-30.8926427579,-13.9357
2025-02-06 06:53:17,-11.5958272118,-14.132019
2025-02-02 15:02:37,-16.4324841322,-14.478141
2025-02-04 23:39:02,-26.335693595999995,-14.760373
2025-02-21 11:16:43,-18.4841773463,-15.278431
2025-02-03 22:27:36,-17.994010501999995,-15.6814165
2025-02-13 06:56:37,-10.620966043399998,-16.249111
2025-02-04 09:16:36,-12.261566462,-16.340748
2025-02-15 14:46:18,-12.033970532799998,-16.604324
2025-02-15 05:24:54,-12.2171733782,-16.771908
2025-02-27 15:19:53,-14.896381755899998,-16.847641
2025-02-02 19:59:37,-11.6800952669,-15.698287
2025-02-19 04:02:35,-11.6687175548,-15.726334
2025-02-09 06:42:08,-22.906095658,-15.410137
2025-02-03 03:27:34,-15.234746209700003,-14.727645
2025-02-27 02:03:13,-13.384407372699998,-14.556603
2025-02-12 21:30:39,-12.220360179599997,-14.404318
2025-02-24 00:20:21,-10.299731251,-14.648866
2025-02-10 20:08:41,-16.8678744249,-14.704522
2025-02-21 03:02:11,-14.373831404299999,-14.841489
2025-02-17 13:13:57,-10.047194971000001,-14.958411
2025-02-14 05:41:34,-10.462920427199998,-14.822113
2025-02-02 21:11:45,-13.314157884199997,-14.82303
2025-02-03 09:19:23,-23.719722838299997,-14.82963
2025-02-24 22:31:47,-11.3204072814,-14.397866
2025-02-15 08:33:21,-14.580485159899998,-14.36418
2025-02-16 04:02:04,-23.0999009839,-14.4622345
2025-02-17 13:31:26,-12.242990754900001,-14.812441
2025-02-21 19:07:20,-18.4586781471,-15.175145
2025-02-04 14:57:09,-19.021168219100005,-15.203073
2025-02-14 18:48:33,-12.780052284700002,-15.4411125
2025-02-17 18:05:17,-14.9447256842,-15.843915
2025-02-21 10:58:44,-10.355035774200001,-16.180264
